{
    "id": "20230915_085641_00_249c",
    "type": "Feature",
    "geometry": {
        "type": "Polygon",
        "coordinates": [
            [
                [
                    22.61567819,
                    32.75147646223857
                ],
                [
                    22.619987761298965,
                    32.76943784
                ],
                [
                    22.65928018,
                    32.76943784
                ],
                [
                    22.65928018,
                    32.74196731
                ],
                [
                    22.61567819,
                    32.74196731
                ],
                [
                    22.61567819,
                    32.75147646223857
                ]
            ]
        ]
    },
    "properties": {
        "acquired": "2023-09-15T08:56:41.009839Z",
        "anomalous_pixels": 0,
        "clear_confidence_percent": 99,
        "clear_percent": 100,
        "cloud_cover": 0.0,
        "cloud_percent": 0,
        "ground_control": true,
        "gsd": 3.7,
        "heavy_haze_percent": 0,
        "instrument": "PSB.SD",
        "item_type": "PSScene",
        "light_haze_percent": 0,
        "pixel_resolution": 3,
        "provider": "planetscope",
        "published": "2023-09-16T01:04:16Z",
        "publishing_stage": "finalized",
        "quality_category": "standard",
        "satellite_azimuth": 100.4,
        "satellite_id": "249c",
        "shadow_percent": 0,
        "snow_ice_percent": 0,
        "strip_id": "6774581",
        "sun_azimuth": 141.3,
        "sun_elevation": 54.3,
        "updated": "2023-09-16T09:58:18Z",
        "view_angle": 5,
        "visible_confidence_percent": 99,
        "visible_percent": 100
    }
}