{
    "id": "20230915_085925_06_227a",
    "type": "Feature",
    "geometry": {
        "type": "Polygon",
        "coordinates": [
            [
                [
                    22.61567819,
                    32.74196731
                ],
                [
                    22.61567819,
                    32.76943784
                ],
                [
                    22.65928018,
                    32.76943784
                ],
                [
                    22.65928018,
                    32.74196731
                ],
                [
                    22.61567819,
                    32.74196731
                ]
            ]
        ]
    },
    "properties": {
        "acquired": "2023-09-15T08:59:25.067162Z",
        "anomalous_pixels": 0,
        "clear_confidence_percent": 99,
        "clear_percent": 100,
        "cloud_cover": 0.0,
        "cloud_percent": 0,
        "ground_control": true,
        "gsd": 3.7,
        "heavy_haze_percent": 0,
        "instrument": "PSB.SD",
        "item_type": "PSScene",
        "light_haze_percent": 0,
        "pixel_resolution": 3,
        "provider": "planetscope",
        "published": "2023-09-16T03:05:34Z",
        "publishing_stage": "finalized",
        "quality_category": "standard",
        "satellite_azimuth": 119.3,
        "satellite_id": "227a",
        "shadow_percent": 0,
        "snow_ice_percent": 0,
        "strip_id": "6774538",
        "sun_azimuth": 141.5,
        "sun_elevation": 54.2,
        "updated": "2023-09-16T09:58:23Z",
        "view_angle": 0.5,
        "visible_confidence_percent": 99,
        "visible_percent": 100
    }
}