{
    "geometry": {
        "coordinates": [
            [
                [
                    22.61567819,
                    32.74196731
                ],
                [
                    22.61567819,
                    32.75147646223857
                ],
                [
                    22.61567819,
                    32.76943784
                ],
                [
                    22.619987761298965,
                    32.76943784
                ],
                [
                    22.65928018,
                    32.76943784
                ],
                [
                    22.65928018,
                    32.74196731
                ],
                [
                    22.61567819,
                    32.74196731
                ]
            ]
        ],
        "type": "Polygon"
    },
    "properties": {
        "anomalous_pixels": 0.0,
        "clear_confidence_percent": 99,
        "clear_percent": 100,
        "cloud_cover": 0.0,
        "cloud_percent": 0,
        "heavy_haze_percent": 0,
        "item_type": "PSScene",
        "light_haze_percent": 0,
        "publishing_stage": "finalized",
        "quality_category": "standard",
        "shadow_percent": 0,
        "snow_ice_percent": 0,
        "updated": "2024-08-22T08:15:01Z",
        "visible_confidence_percent": 99,
        "visible_percent": 100
    },
    "type": "Feature"
}